Image_URL,Prompt,Type
https://raw.githubusercontent.com/rutujdhodapkar/Image-Hosting/main/generated_images/exterior_test_20260308_042610.webp,"A crisp, high-end, 8k photorealistic architectural exterior render of a luxury Single-story house seen from the Front Side view. Design Style: Modern. Architectural Theme: Contemporary. Materials: glass, concrete, natural wood. Color palette: White, Wood. Accents: Subtle accents. Include the following specific exterior elements: infinity pool and large patio. Cinematic golden hour lighting, professional landscaping, realistic reflections, architectural photography masterpiece. Clear, bright, vivid daylight or sunset. Avoid dark, muddy, or glitchy elements.",Exterior Test
https://raw.githubusercontent.com/rutujdhodapkar/Image-Hosting/main/generated_images/interior_20260308_042719.webp,"Architectural interior: A photorealistic luxury Bedroom in Minimalist style with a Grey, Charcoal, Wood color palette. featuring Ambient Lighting.  Professional wide-angle photography, realistic lighting, 8k resolution. Do not include any text, labels, or watermarks.",Interior
https://raw.githubusercontent.com/rutujdhodapkar/Image-Hosting/main/generated_images/interior_20260308_042729.webp,"Architectural interior: A photorealistic luxury Living Room in Minimalist style with a Grey color palette. featuring Indoor Plants.  Professional wide-angle photography, realistic lighting, 8k resolution. Do not include any text, labels, or watermarks.",Interior
https://raw.githubusercontent.com/rutujdhodapkar/Image-Hosting/main/generated_images/interior_20260308_042738.webp,"Architectural interior: A photorealistic luxury Bedroom in Luxury style with a Grey color palette. featuring Indoor Plants.  Professional wide-angle photography, realistic lighting, 8k resolution. Do not include any text, labels, or watermarks.",Interior
https://raw.githubusercontent.com/rutujdhodapkar/Image-Hosting/main/generated_images/floorplan_20260308_042858.webp,"A high-quality 2D technical architectural blueprint for: Ground Floor. Top-down view, crisp thin black lines on pure white paper. Strictly only includes the following rooms: Bedroom named '', Living Room named '', Bedroom named ''. STRICTLY NO EXTRA ROOMS. ONLY DRAW THIS LIST. Do NOT add any extra rooms, hallways, or generic house layouts. Draw ONLY the rooms provided as input. No shading, no textures, no 3D elements. Clean technical layout.",Floorplan
https://raw.githubusercontent.com/rutujdhodapkar/Image-Hosting/main/generated_images/floorplan_20260308_042901.webp,"A high-quality 2D technical architectural blueprint for: 1st Floor. Top-down view, crisp thin black lines on pure white paper. Strictly only includes the following rooms: No rooms. STRICTLY NO EXTRA ROOMS. ONLY DRAW THIS LIST. Do NOT add any extra rooms, hallways, or generic house layouts. Draw ONLY the rooms provided as input. No shading, no textures, no 3D elements. Clean technical layout.",Floorplan
https://raw.githubusercontent.com/rutujdhodapkar/Image-Hosting/main/generated_images/exterior_20260308_043129.webp,"A crisp, high-end, 8k photorealistic architectural exterior render of a luxury Two-story house seen from the Front Side view. Design Style: Modern. Architectural Theme: Contemporary. Materials: glass, concrete, natural wood. Color palette: Neutral palette. Accents: Subtle accents. Cinematic golden hour lighting, professional landscaping, realistic reflections, architectural photography masterpiece. Clear, bright, vivid daylight or sunset. Avoid dark, muddy, or glitchy elements.",Exterior
https://raw.githubusercontent.com/rutujdhodapkar/Image-Hosting/main/generated_images/exterior_20260308_043132.webp,"A crisp, high-end, 8k photorealistic architectural exterior render of a luxury Two-story house seen from the Left Side view. Design Style: Modern. Architectural Theme: Contemporary. Materials: glass, concrete, natural wood. Color palette: Neutral palette. Accents: Subtle accents. Cinematic golden hour lighting, professional landscaping, realistic reflections, architectural photography masterpiece. Clear, bright, vivid daylight or sunset. Avoid dark, muddy, or glitchy elements.",Exterior
https://raw.githubusercontent.com/rutujdhodapkar/Image-Hosting/main/generated_images/exterior_20260308_043136.webp,"A crisp, high-end, 8k photorealistic architectural exterior render of a luxury Two-story house seen from the Right Side view. Design Style: Modern. Architectural Theme: Contemporary. Materials: glass, concrete, natural wood. Color palette: Neutral palette. Accents: Subtle accents. Cinematic golden hour lighting, professional landscaping, realistic reflections, architectural photography masterpiece. Clear, bright, vivid daylight or sunset. Avoid dark, muddy, or glitchy elements.",Exterior
https://raw.githubusercontent.com/rutujdhodapkar/Image-Hosting/main/generated_images/interior_20260308_043219.webp,"Architectural interior: A photorealistic luxury Living Room in Modern style with a Charcoal color palette. featuring Indoor Plants.  Professional wide-angle photography, realistic lighting, 8k resolution. Do not include any text, labels, or watermarks.",Interior
https://raw.githubusercontent.com/rutujdhodapkar/Image-Hosting/main/generated_images/interior_20260308_043229.webp,"Architectural interior: A photorealistic luxury Bedroom in Modern style . .  Professional wide-angle photography, realistic lighting, 8k resolution. Do not include any text, labels, or watermarks.",Interior
https://raw.githubusercontent.com/rutujdhodapkar/Image-Hosting/main/generated_images/interior_20260308_043237.webp,"Architectural interior: A photorealistic luxury Bedroom in Modern style . .  Professional wide-angle photography, realistic lighting, 8k resolution. Do not include any text, labels, or watermarks.",Interior
https://raw.githubusercontent.com/rutujdhodapkar/Image-Hosting/main/generated_images/interior_20260308_043246.webp,"Architectural interior: A photorealistic luxury Kitchen in Modern style . .  Professional wide-angle photography, realistic lighting, 8k resolution. Do not include any text, labels, or watermarks.",Interior
https://raw.githubusercontent.com/rutujdhodapkar/Image-Hosting/main/generated_images/floorplan_20260308_043256.webp,"A high-quality 2D technical architectural blueprint for: Ground Floor. Top-down view, crisp thin black lines on pure white paper. Strictly only includes the following rooms: Living Room named '', Bedroom named '', Bedroom named '', Kitchen named ''. STRICTLY NO EXTRA ROOMS. ONLY DRAW THIS LIST. Do NOT add any extra rooms, hallways, or generic house layouts. Draw ONLY the rooms provided as input. No shading, no textures, no 3D elements. Clean technical layout.",Floorplan
https://raw.githubusercontent.com/rutujdhodapkar/Image-Hosting/main/generated_images/interior_20260308_044129.webp,"Architectural interior: A photorealistic luxury Living Room in a modern style . . Room dimensions: 20x15 ft Professional wide-angle photography, realistic lighting, 8k resolution. Do not include any text, labels, or watermarks.",Interior
https://raw.githubusercontent.com/rutujdhodapkar/Image-Hosting/main/generated_images/interior_20260308_044145.webp,"Architectural interior: A photorealistic luxury Kitchen in a modern style . . Room dimensions: 12x15 ft Professional wide-angle photography, realistic lighting, 8k resolution. Do not include any text, labels, or watermarks.",Interior
https://raw.githubusercontent.com/rutujdhodapkar/Image-Hosting/main/generated_images/interior_20260308_044156.webp,"Architectural interior: A photorealistic luxury Dining in a modern style . . Room dimensions: 12x12 ft Professional wide-angle photography, realistic lighting, 8k resolution. Do not include any text, labels, or watermarks.",Interior
https://raw.githubusercontent.com/rutujdhodapkar/Image-Hosting/main/generated_images/interior_20260308_044210.webp,"Architectural interior: A photorealistic luxury Bedroom in a modern style . . Room dimensions: 16x14 ft Professional wide-angle photography, realistic lighting, 8k resolution. Do not include any text, labels, or watermarks.",Interior
https://raw.githubusercontent.com/rutujdhodapkar/Image-Hosting/main/generated_images/interior_20260308_044226.webp,"Architectural interior: A photorealistic luxury Bedroom in a modern style . . Room dimensions: 12x12 ft Professional wide-angle photography, realistic lighting, 8k resolution. Do not include any text, labels, or watermarks.",Interior
https://raw.githubusercontent.com/rutujdhodapkar/Image-Hosting/main/generated_images/interior_20260308_044243.webp,"Architectural interior: A photorealistic luxury Bathroom in a modern style . . Room dimensions: 8x8 ft Professional wide-angle photography, realistic lighting, 8k resolution. Do not include any text, labels, or watermarks.",Interior
https://raw.githubusercontent.com/rutujdhodapkar/Image-Hosting/main/generated_images/floorplan_20260308_044310.webp,"A high-quality 2D technical architectural blueprint for: Ground Floor. Top-down view, crisp thin black lines on pure white paper. Strictly only includes the following rooms: Living Room named 'Main Lounge' size 20x15 ft, Kitchen named 'Kitchen' size 12x15 ft, Dining named 'Dining Area' size 12x12 ft. STRICTLY NO EXTRA ROOMS. ONLY DRAW THIS LIST. Do NOT add any extra rooms, hallways, or generic house layouts. Draw ONLY the rooms provided as input. No shading, no textures, no 3D elements. Clean technical layout.",Floorplan
https://raw.githubusercontent.com/rutujdhodapkar/Image-Hosting/main/generated_images/floorplan_20260308_044313.webp,"A high-quality 2D technical architectural blueprint for: First Floor. Top-down view, crisp thin black lines on pure white paper. Strictly only includes the following rooms: Bedroom named 'Master Bed' size 16x14 ft, Bedroom named 'Guest Room' size 12x12 ft, Bathroom named 'Main Bath' size 8x8 ft. STRICTLY NO EXTRA ROOMS. ONLY DRAW THIS LIST. Do NOT add any extra rooms, hallways, or generic house layouts. Draw ONLY the rooms provided as input. No shading, no textures, no 3D elements. Clean technical layout.",Floorplan
https://raw.githubusercontent.com/rutujdhodapkar/Image-Hosting/main/generated_images/exterior_20260308_044339.webp,"A crisp, high-end, 8k photorealistic architectural exterior render of a luxury Two-story house seen from the Front Side view. Design Style: Modern. Architectural Theme: Contemporary. Materials: glass, concrete, natural wood. Color palette: Neutral palette. Accents: Subtle accents. Cinematic golden hour lighting, professional landscaping, realistic reflections, architectural photography masterpiece. Clear, bright, vivid daylight or sunset. Avoid dark, muddy, or glitchy elements.",Exterior
https://raw.githubusercontent.com/rutujdhodapkar/Image-Hosting/main/generated_images/exterior_20260308_044343.webp,"A crisp, high-end, 8k photorealistic architectural exterior render of a luxury Two-story house seen from the Left Side view. Design Style: Modern. Architectural Theme: Contemporary. Materials: glass, concrete, natural wood. Color palette: Neutral palette. Accents: Subtle accents. Cinematic golden hour lighting, professional landscaping, realistic reflections, architectural photography masterpiece. Clear, bright, vivid daylight or sunset. Avoid dark, muddy, or glitchy elements.",Exterior
https://raw.githubusercontent.com/rutujdhodapkar/Image-Hosting/main/generated_images/exterior_20260308_044347.webp,"A crisp, high-end, 8k photorealistic architectural exterior render of a luxury Two-story house seen from the Right Side view. Design Style: Modern. Architectural Theme: Contemporary. Materials: glass, concrete, natural wood. Color palette: Neutral palette. Accents: Subtle accents. Cinematic golden hour lighting, professional landscaping, realistic reflections, architectural photography masterpiece. Clear, bright, vivid daylight or sunset. Avoid dark, muddy, or glitchy elements.",Exterior
https://raw.githubusercontent.com/rutujdhodapkar/Image-Hosting/main/generated_images/interior_20260308_044803.webp,"Architectural interior: A photorealistic luxury Living Room in Minimalist style with a Grey color palette. featuring Indoor Plants.  Professional wide-angle photography, realistic lighting, 8k resolution. Do not include any text, labels, or watermarks.",Interior
https://raw.githubusercontent.com/rutujdhodapkar/Image-Hosting/main/generated_images/interior_20260308_044813.webp,"Architectural interior: A photorealistic luxury Bedroom in Modern style . .  Professional wide-angle photography, realistic lighting, 8k resolution. Do not include any text, labels, or watermarks.",Interior
https://raw.githubusercontent.com/rutujdhodapkar/Image-Hosting/main/generated_images/interior_20260308_044822.webp,"Architectural interior: A photorealistic luxury Bedroom in Modern style . .  Professional wide-angle photography, realistic lighting, 8k resolution. Do not include any text, labels, or watermarks.",Interior
https://raw.githubusercontent.com/rutujdhodapkar/Image-Hosting/main/generated_images/interior_20260308_044831.webp,"Architectural interior: A photorealistic luxury Kitchen in Modern style . .  Professional wide-angle photography, realistic lighting, 8k resolution. Do not include any text, labels, or watermarks.",Interior
https://raw.githubusercontent.com/rutujdhodapkar/Image-Hosting/main/generated_images/floorplan_20260308_044841.webp,"A high-quality 2D technical architectural blueprint for: Ground Floor. Top-down view, crisp thin black lines on pure white paper. Strictly only includes the following rooms: Living Room named '', Bedroom named '', Bedroom named '', Kitchen named ''. STRICTLY NO EXTRA ROOMS. ONLY DRAW THIS LIST. Do NOT add any extra rooms, hallways, or generic house layouts. Draw ONLY the rooms provided as input. No shading, no textures, no 3D elements. Clean technical layout.",Floorplan
https://raw.githubusercontent.com/rutujdhodapkar/Image-Hosting/main/generated_images/exterior_20260308_045012.webp,"A crisp, high-end, 8k photorealistic architectural exterior render of a luxury Single-story house seen from the Front Side view. Design Style: Modern. Architectural Theme: Contemporary. Materials: glass, concrete, natural wood. Color palette: Neutral palette. Accents: Subtle accents. Cinematic golden hour lighting, professional landscaping, realistic reflections, architectural photography masterpiece. Clear, bright, vivid daylight or sunset. Avoid dark, muddy, or glitchy elements.",Exterior
https://raw.githubusercontent.com/rutujdhodapkar/Image-Hosting/main/generated_images/exterior_20260308_045017.webp,"A crisp, high-end, 8k photorealistic architectural exterior render of a luxury Single-story house seen from the Left Side view. Design Style: Modern. Architectural Theme: Contemporary. Materials: glass, concrete, natural wood. Color palette: Neutral palette. Accents: Subtle accents. Cinematic golden hour lighting, professional landscaping, realistic reflections, architectural photography masterpiece. Clear, bright, vivid daylight or sunset. Avoid dark, muddy, or glitchy elements.",Exterior
https://raw.githubusercontent.com/rutujdhodapkar/Image-Hosting/main/generated_images/exterior_20260308_045020.webp,"A crisp, high-end, 8k photorealistic architectural exterior render of a luxury Single-story house seen from the Right Side view. Design Style: Modern. Architectural Theme: Contemporary. Materials: glass, concrete, natural wood. Color palette: Neutral palette. Accents: Subtle accents. Cinematic golden hour lighting, professional landscaping, realistic reflections, architectural photography masterpiece. Clear, bright, vivid daylight or sunset. Avoid dark, muddy, or glitchy elements.",Exterior
https://raw.githubusercontent.com/rutujdhodapkar/Image-Hosting/main/generated_images/interior_20260308_050327.webp,"Architectural interior: A photorealistic luxury Living Room in Modern style . .  Professional wide-angle photography, realistic lighting, 8k resolution. Do not include any text, labels, or watermarks.",Interior
https://raw.githubusercontent.com/rutujdhodapkar/Image-Hosting/main/generated_images/interior_20260308_050337.webp,"Architectural interior: A photorealistic luxury Bedroom in Modern style . .  Professional wide-angle photography, realistic lighting, 8k resolution. Do not include any text, labels, or watermarks.",Interior
https://raw.githubusercontent.com/rutujdhodapkar/Image-Hosting/main/generated_images/interior_20260308_050546.webp,"Architectural interior: A photorealistic luxury Bedroom in Modern style . .  Professional wide-angle photography, realistic lighting, 8k resolution. Do not include any text, labels, or watermarks.",Interior
https://raw.githubusercontent.com/rutujdhodapkar/Image-Hosting/main/generated_images/interior_20260308_050657.webp,"Architectural interior: A photorealistic luxury Kitchen in Modern style . .  Professional wide-angle photography, realistic lighting, 8k resolution. Do not include any text, labels, or watermarks.",Interior
https://raw.githubusercontent.com/rutujdhodapkar/Image-Hosting/main/generated_images/floorplan_20260308_050707.webp,"A high-quality 2D technical architectural blueprint for: Ground Floor. Top-down view, crisp thin black lines on pure white paper. Strictly only includes the following rooms: Living Room named '', Bedroom named '', Bedroom named '', Kitchen named ''. STRICTLY NO EXTRA ROOMS. ONLY DRAW THIS LIST. Do NOT add any extra rooms, hallways, or generic house layouts. Draw ONLY the rooms provided as input. No shading, no textures, no 3D elements. Clean technical layout.",Floorplan
https://raw.githubusercontent.com/rutujdhodapkar/Image-Hosting/main/generated_images/exterior_20260308_050738.webp,"A crisp, high-end, 8k photorealistic architectural exterior render of a luxury Single-story house seen from the Front Side view. Design Style: Modern. Architectural Theme: Contemporary. Materials: glass, concrete, natural wood. Color palette: Neutral palette. Accents: Subtle accents. Cinematic golden hour lighting, professional landscaping, realistic reflections, architectural photography masterpiece. Clear, bright, vivid daylight or sunset. Avoid dark, muddy, or glitchy elements.",Exterior
https://raw.githubusercontent.com/rutujdhodapkar/Image-Hosting/main/generated_images/exterior_20260308_050742.webp,"A crisp, high-end, 8k photorealistic architectural exterior render of a luxury Single-story house seen from the Left Side view. Design Style: Modern. Architectural Theme: Contemporary. Materials: glass, concrete, natural wood. Color palette: Neutral palette. Accents: Subtle accents. Cinematic golden hour lighting, professional landscaping, realistic reflections, architectural photography masterpiece. Clear, bright, vivid daylight or sunset. Avoid dark, muddy, or glitchy elements.",Exterior
https://raw.githubusercontent.com/rutujdhodapkar/Image-Hosting/main/generated_images/exterior_20260308_050746.webp,"A crisp, high-end, 8k photorealistic architectural exterior render of a luxury Single-story house seen from the Right Side view. Design Style: Modern. Architectural Theme: Contemporary. Materials: glass, concrete, natural wood. Color palette: Neutral palette. Accents: Subtle accents. Cinematic golden hour lighting, professional landscaping, realistic reflections, architectural photography masterpiece. Clear, bright, vivid daylight or sunset. Avoid dark, muddy, or glitchy elements.",Exterior
https://raw.githubusercontent.com/rutujdhodapkar/Image-Hosting/main/generated_images/exterior_20260308_051713.webp,"A crisp, high-end, 8k photorealistic architectural exterior render of a luxury Single-story house seen from the Front Side view. Design Style: Modern. Architectural Theme: Contemporary. Materials: glass, concrete, natural wood. Color palette: Neutral palette. Accents: Subtle accents. Cinematic golden hour lighting, professional landscaping, realistic reflections, architectural photography masterpiece. Clear, bright, vivid daylight or sunset. Avoid dark, muddy, or glitchy elements.",Exterior
https://raw.githubusercontent.com/rutujdhodapkar/Image-Hosting/main/generated_images/exterior_20260308_051717.webp,"A crisp, high-end, 8k photorealistic architectural exterior render of a luxury Single-story house seen from the Left Side view. Design Style: Modern. Architectural Theme: Contemporary. Materials: glass, concrete, natural wood. Color palette: Neutral palette. Accents: Subtle accents. Cinematic golden hour lighting, professional landscaping, realistic reflections, architectural photography masterpiece. Clear, bright, vivid daylight or sunset. Avoid dark, muddy, or glitchy elements.",Exterior
https://raw.githubusercontent.com/rutujdhodapkar/Image-Hosting/main/generated_images/exterior_20260308_051722.webp,"A crisp, high-end, 8k photorealistic architectural exterior render of a luxury Single-story house seen from the Right Side view. Design Style: Modern. Architectural Theme: Contemporary. Materials: glass, concrete, natural wood. Color palette: Neutral palette. Accents: Subtle accents. Cinematic golden hour lighting, professional landscaping, realistic reflections, architectural photography masterpiece. Clear, bright, vivid daylight or sunset. Avoid dark, muddy, or glitchy elements.",Exterior
https://raw.githubusercontent.com/rutujdhodapkar/Image-Hosting/main/generated_images/interior_20260308_052948.webp,"Architectural interior: A photorealistic luxury Dining in a modern style . . Room dimensions: 11x10 ft Professional wide-angle photography, realistic lighting, 8k resolution. Do not include any text, labels, or watermarks.",Interior
https://raw.githubusercontent.com/rutujdhodapkar/Image-Hosting/main/generated_images/interior_20260308_053101.webp,"Architectural interior: A photorealistic luxury Open Kitchen in a modern style . . Room dimensions: 7x6 ft Professional wide-angle photography, realistic lighting, 8k resolution. Do not include any text, labels, or watermarks.",Interior
https://raw.githubusercontent.com/rutujdhodapkar/Image-Hosting/main/generated_images/interior_20260308_053110.webp,"Architectural interior: A photorealistic luxury Toilet in a modern style . . Room dimensions: 4x7 ft Professional wide-angle photography, realistic lighting, 8k resolution. Do not include any text, labels, or watermarks.",Interior
https://raw.githubusercontent.com/rutujdhodapkar/Image-Hosting/main/generated_images/interior_20260308_053119.webp,"Architectural interior: A photorealistic luxury C. Bedroom in a modern style . . Room dimensions: 12x10 ft Professional wide-angle photography, realistic lighting, 8k resolution. Do not include any text, labels, or watermarks.",Interior
https://raw.githubusercontent.com/rutujdhodapkar/Image-Hosting/main/generated_images/interior_20260308_053128.webp,"Architectural interior: A photorealistic luxury Toilet in a modern style . . Room dimensions: 7x4 ft Professional wide-angle photography, realistic lighting, 8k resolution. Do not include any text, labels, or watermarks.",Interior
https://raw.githubusercontent.com/rutujdhodapkar/Image-Hosting/main/generated_images/interior_20260308_053136.webp,"Architectural interior: A photorealistic luxury M. Bedroom in a modern style . . Room dimensions: 12x11 ft Professional wide-angle photography, realistic lighting, 8k resolution. Do not include any text, labels, or watermarks.",Interior
https://raw.githubusercontent.com/rutujdhodapkar/Image-Hosting/main/generated_images/interior_20260308_053146.webp,"Architectural interior: A photorealistic luxury Living in a modern style . . Room dimensions: 17x11 ft Professional wide-angle photography, realistic lighting, 8k resolution. Do not include any text, labels, or watermarks.",Interior
https://raw.githubusercontent.com/rutujdhodapkar/Image-Hosting/main/generated_images/interior_20260308_053157.webp,"Architectural interior: A photorealistic luxury Parking in a modern style . . Room dimensions: 12x10 ft Professional wide-angle photography, realistic lighting, 8k resolution. Do not include any text, labels, or watermarks.",Interior
https://raw.githubusercontent.com/rutujdhodapkar/Image-Hosting/main/generated_images/floorplan_20260308_053212.webp,"A high-quality 2D technical architectural blueprint for: Ground Floor. Top-down view, crisp thin black lines on pure white paper. Strictly only includes the following rooms: Dining named 'Unnamed' size 11x10 ft, Open Kitchen named 'Unnamed' size 7x6 ft, Toilet named 'Unnamed' size 4x7 ft, C. Bedroom named 'Unnamed' size 12x10 ft, Toilet named 'Unnamed' size 7x4 ft, M. Bedroom named 'Unnamed' size 12x11 ft, Living named 'Unnamed' size 17x11 ft, Parking named 'Unnamed' size 12x10 ft. STRICTLY NO EXTRA ROOMS. ONLY DRAW THIS LIST. Do NOT add any extra rooms, hallways, or generic house layouts. Draw ONLY the rooms provided as input. No shading, no textures, no 3D elements. Clean technical layout.",Floorplan
https://raw.githubusercontent.com/rutujdhodapkar/Image-Hosting/main/generated_images/exterior_20260308_053243.webp,"A crisp, high-end, 8k photorealistic architectural exterior render of a luxury Single-story house seen from the Front Side view. Design Style: Modern. Architectural Theme: Contemporary. Materials: glass, concrete, natural wood. Color palette: Neutral palette. Accents: Subtle accents. Cinematic golden hour lighting, professional landscaping, realistic reflections, architectural photography masterpiece. Clear, bright, vivid daylight or sunset. Avoid dark, muddy, or glitchy elements.",Exterior
https://raw.githubusercontent.com/rutujdhodapkar/Image-Hosting/main/generated_images/exterior_20260308_053247.webp,"A crisp, high-end, 8k photorealistic architectural exterior render of a luxury Single-story house seen from the Left Side view. Design Style: Modern. Architectural Theme: Contemporary. Materials: glass, concrete, natural wood. Color palette: Neutral palette. Accents: Subtle accents. Cinematic golden hour lighting, professional landscaping, realistic reflections, architectural photography masterpiece. Clear, bright, vivid daylight or sunset. Avoid dark, muddy, or glitchy elements.",Exterior
https://raw.githubusercontent.com/rutujdhodapkar/Image-Hosting/main/generated_images/exterior_20260308_053251.webp,"A crisp, high-end, 8k photorealistic architectural exterior render of a luxury Single-story house seen from the Right Side view. Design Style: Modern. Architectural Theme: Contemporary. Materials: glass, concrete, natural wood. Color palette: Neutral palette. Accents: Subtle accents. Cinematic golden hour lighting, professional landscaping, realistic reflections, architectural photography masterpiece. Clear, bright, vivid daylight or sunset. Avoid dark, muddy, or glitchy elements.",Exterior
https://raw.githubusercontent.com/rutujdhodapkar/Image-Hosting/main/generated_images/interior_20260308_053759.webp,"Architectural interior: A photorealistic luxury Living Room in Modern style . .  Professional wide-angle photography, realistic lighting, 8k resolution. Do not include any text, labels, or watermarks.",Interior
https://raw.githubusercontent.com/rutujdhodapkar/Image-Hosting/main/generated_images/interior_20260308_053809.webp,"Architectural interior: A photorealistic luxury Bedroom in Modern style . .  Professional wide-angle photography, realistic lighting, 8k resolution. Do not include any text, labels, or watermarks.",Interior
https://raw.githubusercontent.com/rutujdhodapkar/Image-Hosting/main/generated_images/interior_20260308_053918.webp,"Architectural interior: A photorealistic luxury Bedroom in Modern style . .  Professional wide-angle photography, realistic lighting, 8k resolution. Do not include any text, labels, or watermarks.",Interior
https://raw.githubusercontent.com/rutujdhodapkar/Image-Hosting/main/generated_images/interior_20260308_054027.webp,"Architectural interior: A photorealistic luxury Kitchen in Modern style . .  Professional wide-angle photography, realistic lighting, 8k resolution. Do not include any text, labels, or watermarks.",Interior
https://raw.githubusercontent.com/rutujdhodapkar/Image-Hosting/main/generated_images/floorplan_20260308_054149.webp,"A high-quality 2D technical architectural blueprint for: Ground Floor. Top-down view, crisp thin black lines on pure white paper. Strictly only includes the following rooms: Living Room named '', Bedroom named '', Bedroom named '', Kitchen named ''. STRICTLY NO EXTRA ROOMS. ONLY DRAW THIS LIST. Do NOT add any extra rooms, hallways, or generic house layouts. Draw ONLY the rooms provided as input. No shading, no textures, no 3D elements. Clean technical layout.",Floorplan
https://raw.githubusercontent.com/rutujdhodapkar/Image-Hosting/main/generated_images/floorplan_20260308_054154.webp,"A high-quality 2D technical architectural blueprint for: 1st Floor. Top-down view, crisp thin black lines on pure white paper. Strictly only includes the following rooms: No rooms. STRICTLY NO EXTRA ROOMS. ONLY DRAW THIS LIST. Do NOT add any extra rooms, hallways, or generic house layouts. Draw ONLY the rooms provided as input. No shading, no textures, no 3D elements. Clean technical layout.",Floorplan
https://raw.githubusercontent.com/rutujdhodapkar/Image-Hosting/main/generated_images/interior_20260308_054229.webp,"Architectural interior: A photorealistic luxury Living Room in Modern style . .  Professional wide-angle photography, realistic lighting, 8k resolution. Do not include any text, labels, or watermarks.",Interior
https://raw.githubusercontent.com/rutujdhodapkar/Image-Hosting/main/generated_images/exterior_20260308_054238.webp,"A crisp, high-end, 8k photorealistic architectural exterior render of a luxury Two-story house seen from the Front Side view. Design Style: Modern. Architectural Theme: Contemporary. Materials: glass, concrete, natural wood. Color palette: Neutral palette. Accents: Subtle accents. Cinematic golden hour lighting, professional landscaping, realistic reflections, architectural photography masterpiece. Clear, bright, vivid daylight or sunset. Avoid dark, muddy, or glitchy elements.",Exterior
https://raw.githubusercontent.com/rutujdhodapkar/Image-Hosting/main/generated_images/exterior_20260308_054243.webp,"A crisp, high-end, 8k photorealistic architectural exterior render of a luxury Two-story house seen from the Left Side view. Design Style: Modern. Architectural Theme: Contemporary. Materials: glass, concrete, natural wood. Color palette: Neutral palette. Accents: Subtle accents. Cinematic golden hour lighting, professional landscaping, realistic reflections, architectural photography masterpiece. Clear, bright, vivid daylight or sunset. Avoid dark, muddy, or glitchy elements.",Exterior
https://raw.githubusercontent.com/rutujdhodapkar/Image-Hosting/main/generated_images/exterior_20260308_054247.webp,"A crisp, high-end, 8k photorealistic architectural exterior render of a luxury Two-story house seen from the Right Side view. Design Style: Modern. Architectural Theme: Contemporary. Materials: glass, concrete, natural wood. Color palette: Neutral palette. Accents: Subtle accents. Cinematic golden hour lighting, professional landscaping, realistic reflections, architectural photography masterpiece. Clear, bright, vivid daylight or sunset. Avoid dark, muddy, or glitchy elements.",Exterior
https://raw.githubusercontent.com/rutujdhodapkar/Image-Hosting/main/generated_images/exterior_20260308_054324.webp,"A crisp, high-end, 8k photorealistic architectural exterior render of a luxury Single-story house seen from the Front Side view. Design Style: Modern. Architectural Theme: Contemporary. Materials: glass, concrete, natural wood. Color palette: Neutral palette. Accents: Subtle accents. Cinematic golden hour lighting, professional landscaping, realistic reflections, architectural photography masterpiece. Clear, bright, vivid daylight or sunset. Avoid dark, muddy, or glitchy elements.",Exterior
https://raw.githubusercontent.com/rutujdhodapkar/Image-Hosting/main/generated_images/exterior_20260308_054329.webp,"A crisp, high-end, 8k photorealistic architectural exterior render of a luxury Single-story house seen from the Left Side view. Design Style: Modern. Architectural Theme: Contemporary. Materials: glass, concrete, natural wood. Color palette: Neutral palette. Accents: Subtle accents. Cinematic golden hour lighting, professional landscaping, realistic reflections, architectural photography masterpiece. Clear, bright, vivid daylight or sunset. Avoid dark, muddy, or glitchy elements.",Exterior
https://raw.githubusercontent.com/rutujdhodapkar/Image-Hosting/main/generated_images/exterior_20260308_054333.webp,"A crisp, high-end, 8k photorealistic architectural exterior render of a luxury Single-story house seen from the Right Side view. Design Style: Modern. Architectural Theme: Contemporary. Materials: glass, concrete, natural wood. Color palette: Neutral palette. Accents: Subtle accents. Cinematic golden hour lighting, professional landscaping, realistic reflections, architectural photography masterpiece. Clear, bright, vivid daylight or sunset. Avoid dark, muddy, or glitchy elements.",Exterior
https://raw.githubusercontent.com/rutujdhodapkar/Image-Hosting/main/generated_images/interior_20260308_055547.webp,"Architectural interior: A photorealistic luxury Bedroom in Modern style . .  Professional wide-angle photography, realistic lighting, 8k resolution. Do not include any text, labels, or watermarks.",Interior
https://raw.githubusercontent.com/rutujdhodapkar/Image-Hosting/main/generated_images/floorplan_20260308_055758.webp,"A high-quality 2D technical architectural blueprint for: Ground Floor. Top-down view, crisp thin black lines on pure white paper. Strictly only includes the following rooms: Bedroom named ''. STRICTLY NO EXTRA ROOMS. ONLY DRAW THIS LIST. Do NOT add any extra rooms, hallways, or generic house layouts. Draw ONLY the rooms provided as input. No shading, no textures, no 3D elements. Clean technical layout.",Floorplan
https://raw.githubusercontent.com/rutujdhodapkar/Image-Hosting/main/generated_images/exterior_20260308_055930.webp,"A crisp, high-end, 8k photorealistic architectural exterior render of a luxury Single-story house seen from the Front Side view. Design Style: Modern. Architectural Theme: Contemporary. Materials: glass, concrete, natural wood. Color palette: Neutral palette. Accents: Subtle accents. Cinematic golden hour lighting, professional landscaping, realistic reflections, architectural photography masterpiece. Clear, bright, vivid daylight or sunset. Avoid dark, muddy, or glitchy elements.",Exterior
https://raw.githubusercontent.com/rutujdhodapkar/Image-Hosting/main/generated_images/exterior_20260308_055936.webp,"A crisp, high-end, 8k photorealistic architectural exterior render of a luxury Single-story house seen from the Left Side view. Design Style: Modern. Architectural Theme: Contemporary. Materials: glass, concrete, natural wood. Color palette: Neutral palette. Accents: Subtle accents. Cinematic golden hour lighting, professional landscaping, realistic reflections, architectural photography masterpiece. Clear, bright, vivid daylight or sunset. Avoid dark, muddy, or glitchy elements.",Exterior
https://raw.githubusercontent.com/rutujdhodapkar/Image-Hosting/main/generated_images/exterior_20260308_055941.webp,"A crisp, high-end, 8k photorealistic architectural exterior render of a luxury Single-story house seen from the Right Side view. Design Style: Modern. Architectural Theme: Contemporary. Materials: glass, concrete, natural wood. Color palette: Neutral palette. Accents: Subtle accents. Cinematic golden hour lighting, professional landscaping, realistic reflections, architectural photography masterpiece. Clear, bright, vivid daylight or sunset. Avoid dark, muddy, or glitchy elements.",Exterior
https://raw.githubusercontent.com/rutujdhodapkar/Image-Hosting/main/generated_images/interior_20260308_061026.webp,"Architectural interior: A photorealistic luxury Office in Modern style . .  Professional wide-angle photography, realistic lighting, 8k resolution. Do not include any text, labels, or watermarks.",Interior
https://raw.githubusercontent.com/rutujdhodapkar/Image-Hosting/main/generated_images/floorplan_20260308_061135.webp,"A high-quality 2D technical architectural blueprint for: Ground Floor. Top-down view, crisp thin black lines on pure white paper. Strictly only includes the following rooms: Office named ''. STRICTLY NO EXTRA ROOMS. ONLY DRAW THIS LIST. Do NOT add any extra rooms, hallways, or generic house layouts. Draw ONLY the rooms provided as input. No shading, no textures, no 3D elements. Clean technical layout.",Floorplan
https://raw.githubusercontent.com/rutujdhodapkar/Image-Hosting/main/generated_images/exterior_20260308_061212.webp,"A crisp, high-end, 8k photorealistic architectural exterior render of a luxury Single-story house seen from the Front Side view. Design Style: Modern. Architectural Theme: Contemporary. Materials: glass, concrete, natural wood. Color palette: Neutral palette. Accents: Subtle accents. Cinematic golden hour lighting, professional landscaping, realistic reflections, architectural photography masterpiece. Clear, bright, vivid daylight or sunset. Avoid dark, muddy, or glitchy elements.",Exterior
https://raw.githubusercontent.com/rutujdhodapkar/Image-Hosting/main/generated_images/exterior_20260308_061218.webp,"A crisp, high-end, 8k photorealistic architectural exterior render of a luxury Single-story house seen from the Left Side view. Design Style: Modern. Architectural Theme: Contemporary. Materials: glass, concrete, natural wood. Color palette: Neutral palette. Accents: Subtle accents. Cinematic golden hour lighting, professional landscaping, realistic reflections, architectural photography masterpiece. Clear, bright, vivid daylight or sunset. Avoid dark, muddy, or glitchy elements.",Exterior
https://raw.githubusercontent.com/rutujdhodapkar/Image-Hosting/main/generated_images/exterior_20260308_061222.webp,"A crisp, high-end, 8k photorealistic architectural exterior render of a luxury Single-story house seen from the Right Side view. Design Style: Modern. Architectural Theme: Contemporary. Materials: glass, concrete, natural wood. Color palette: Neutral palette. Accents: Subtle accents. Cinematic golden hour lighting, professional landscaping, realistic reflections, architectural photography masterpiece. Clear, bright, vivid daylight or sunset. Avoid dark, muddy, or glitchy elements.",Exterior
https://raw.githubusercontent.com/rutujdhodapkar/Image-Hosting/main/generated_images/interior_20260308_063110.webp,"Architectural interior: A photorealistic luxury Bedroom in Modern style . .  Professional wide-angle photography, realistic lighting, 8k resolution. Do not include any text, labels, or watermarks.",Interior
https://raw.githubusercontent.com/rutujdhodapkar/Image-Hosting/main/generated_images/interior_20260308_063126.webp,"Architectural interior: A photorealistic luxury Bedroom in Modern style . .  Professional wide-angle photography, realistic lighting, 8k resolution. Do not include any text, labels, or watermarks.",Interior
https://raw.githubusercontent.com/rutujdhodapkar/Image-Hosting/main/generated_images/floorplan_20260308_063136.webp,"A high-quality 2D technical architectural blueprint for: Ground Floor. Top-down view, crisp thin black lines on pure white paper. Strictly only includes the following rooms: Bedroom named ''. STRICTLY NO EXTRA ROOMS. ONLY DRAW THIS LIST. Do NOT add any extra rooms, hallways, or generic house layouts. Draw ONLY the rooms provided as input. No shading, no textures, no 3D elements. Clean technical layout.",Floorplan
https://raw.githubusercontent.com/rutujdhodapkar/Image-Hosting/main/generated_images/exterior_20260308_063213.webp,"A crisp, high-end, 8k photorealistic architectural exterior render of a luxury Single-story house seen from the Front Side view. Design Style: Modern. Architectural Theme: Contemporary. Materials: glass, concrete, natural wood. Color palette: Neutral palette. Accents: Subtle accents. Cinematic golden hour lighting, professional landscaping, realistic reflections, architectural photography masterpiece. Clear, bright, vivid daylight or sunset. Avoid dark, muddy, or glitchy elements.",Exterior
https://raw.githubusercontent.com/rutujdhodapkar/Image-Hosting/main/generated_images/exterior_20260308_063218.webp,"A crisp, high-end, 8k photorealistic architectural exterior render of a luxury Single-story house seen from the Left Side view. Design Style: Modern. Architectural Theme: Contemporary. Materials: glass, concrete, natural wood. Color palette: Neutral palette. Accents: Subtle accents. Cinematic golden hour lighting, professional landscaping, realistic reflections, architectural photography masterpiece. Clear, bright, vivid daylight or sunset. Avoid dark, muddy, or glitchy elements.",Exterior
https://raw.githubusercontent.com/rutujdhodapkar/Image-Hosting/main/generated_images/exterior_20260308_063224.webp,"A crisp, high-end, 8k photorealistic architectural exterior render of a luxury Single-story house seen from the Right Side view. Design Style: Modern. Architectural Theme: Contemporary. Materials: glass, concrete, natural wood. Color palette: Neutral palette. Accents: Subtle accents. Cinematic golden hour lighting, professional landscaping, realistic reflections, architectural photography masterpiece. Clear, bright, vivid daylight or sunset. Avoid dark, muddy, or glitchy elements.",Exterior
https://raw.githubusercontent.com/rutujdhodapkar/Image-Hosting/main/generated_images/interior_20260308_064451.webp,"Architectural interior: A photorealistic luxury Bedroom in Modern style . .  Professional wide-angle photography, realistic lighting, 8k resolution. Do not include any text, labels, or watermarks.",Interior
https://raw.githubusercontent.com/rutujdhodapkar/Image-Hosting/main/generated_images/floorplan_20260308_064502.webp,"A high-quality 2D technical architectural blueprint for: Ground Floor. Top-down view, crisp thin black lines on pure white paper. Strictly only includes the following rooms: Bedroom named ''. STRICTLY NO EXTRA ROOMS. ONLY DRAW THIS LIST. Do NOT add any extra rooms, hallways, or generic house layouts. Draw ONLY the rooms provided as input. No shading, no textures, no 3D elements. Clean technical layout.",Floorplan
https://raw.githubusercontent.com/rutujdhodapkar/Image-Hosting/main/generated_images/exterior_20260308_064736.webp,"A crisp, high-end, 8k photorealistic architectural exterior render of a luxury Single-story house seen from the Front Side view. Design Style: Modern. Architectural Theme: Contemporary. Materials: glass, concrete, natural wood. Color palette: Neutral palette. Accents: Subtle accents. Cinematic golden hour lighting, professional landscaping, realistic reflections, architectural photography masterpiece. Clear, bright, vivid daylight or sunset. Avoid dark, muddy, or glitchy elements.",Exterior
